 
  
{
  "posts": [
    {
        "id": 1,
        "title": "Discover the Exciting World of Online Gaming with bdg05",
        "excerpt": "Explore why bdg05 is the perfect platform for your online gaming adventures and learn how to get started.",
        "content": " <div class=\"text-gray-600 mb-6\"> <p class=\"text-gray-600 mb-6\">In recent years, the online gaming industry has experienced exponential growth, providing a challenging and entertaining platform for millions of players worldwide. Among the renowned platforms in this category, bdg05 stands out as an exceptional website offering the best games and countless hours of fun. If you're looking to dive into the world of online gaming, bdg05 is the perfect place to start.</p><h2 class=\"text-gray-600 mb-6\">Why Choose bdg05?</h2><p>Here's why bdg05 should be your go-to platform for online gaming adventures:</p><ul><li><strong>Wide Range of Games:</strong> Enjoy entertainment from a variety of games across numerous categories, ensuring you're never bored.</li><li><strong>User-Friendly Interface:</strong> With a simple and intuitive design, bdg05's platform caters to players of all experience levels.</li><li><strong>Safe and Secure:</strong> Your security and data privacy are paramount, with all transactions protected by state-of-the-art security measures.</li><li><strong>Regular Updates:</strong> bdg05 consistently provides updates and introduces new games to keep the experience fresh and exciting.</li></ul><h2>How to Register and Sign Up on bdg05</h2><p>Joining the bdg05 gaming community is quick and easy. Follow these simple steps:</p><ol><li>Visit the official bdg05 website.</li><li>Click on the \"Register\" button.</li><li>Fill in your details, including your name, email address, and mobile number.</li><li>Create a unique username and a strong password.</li><li>Complete the registration by confirming your email or phone number.</li></ol><p>Once registered, you're free to explore the extensive gaming library provided by bdg05.</p><h2>Downloading the bdg05 App</h2><p>To enjoy bdg05 on the go, follow these steps to download our mobile app:</p><ol><li>Visit the official bdg05 website on your mobile device.</li><li>Look for the \"Download App\" link for your Android or iOS device.</li><li>Follow the on-screen instructions to download and install the app.</li></ol><h2>Exciting Games on bdg05</h2><p>bdg05 offers a wide array of game categories to suit every player's preferences:</p><ul><li><strong>Card Games:</strong> Enjoy classic favorites like poker and rummy.</li><li><strong>Fantasy Sports:</strong> Create your dream team and compete in simulations of real sports leagues.</li><li><strong>Action and Adventure:</strong> Immerse yourself in heart-pounding action games for an adrenaline-fueled experience.</li></ul><h2>What Makes bdg05 the Best Gaming Platform</h2><p>bdg05 has established itself as a top-tier gaming platform with exceptional features:</p><ul><li><strong>Real-Time Gaming Experience:</strong> Compete against players from around the globe in real-time matches.</li><li><strong>Competitions and Tournaments:</strong> Participate in exciting tournaments with the chance to win amazing prizes.</li><li><strong>Social Interaction:</strong> Make new friends, chat with fellow gamers, and climb the leaderboards.</li><li><strong>Rewards and Bonuses:</strong> Enjoy a wealth of rewards, bonuses, and loyalty points as you explore different games.</li></ul><h2>Why bdg05 Stands Out</h2><ul><li><strong>Exceptional Gaming Experience:</strong> Enjoy high-quality graphics and smooth gameplay without lags or freezes.</li><li><strong>Trusted and Reliable:</strong> bdg05 is a secure and trustworthy platform for all your online gaming needs.</li><li><strong>Fair Play and Transparency:</strong> We ensure a level playing field for all users through our commitment to transparency and fair play.</li><li><strong>Global Reach:</strong> Challenge players from around the world to enhance your gaming skills and try new strategies.</li></ul><h2>Join the bdg05 Community Today!</h2><p>Whether you're looking for casual fun or intense competition, bdg05 is your ultimate destination. Register today to experience one of the finest gaming platforms available, and download our app to take your gaming on the go.</p><p>Don't miss out on all the excitement and joy that bdg05 has to offer. Start your online gaming journey now by registering with bdg05, and discover why millions of players consider it one of the best online gaming sites. Get ready for your next gaming adventure!</p> </div>",
        "image": "/img8.png",
        "date": "2025-01-20",
        "author": "bdg05 Team",
        "readTime": "8 min read"
      },
    
    {
      "id": 2,
      "title": "Top Games on bdg05",
      "excerpt": "Explore the most popular and exciting games available on bdg05.",
      "content": "<div class=\"space-y-8\"><section><p class=\"text-gray-600 mb-6\">Discover the most thrilling games available on bdg05:</p><div class=\"space-y-6\"><div class=\"flex flex-col gap-2\"><h3 class=\"text-xl font-bold text-gray-800\">Card Games</h3><p class=\"text-gray-600\">Experience classic card games with modern twists and exciting rewards.</p></div><div class=\"flex flex-col gap-2\"><h3 class=\"text-xl font-bold text-gray-800\">Fantasy Sports</h3><p class=\"text-gray-600\">Create your dream team and compete in thrilling tournaments.</p></div></div></section></div>",
      "image": "/img6.jpg",
      "date": "2025-01-21",
      "author": "bdg05 Team",
      "readTime": "3 min read"
    },
    {
      "id": 3,
      "title": "Maximizing Your Earnings on bdg05",
      "excerpt": "Learn the best strategies to increase your winnings on bdg05.",
      "content": "<div class=\"space-y-8\"><section><p class=\"text-gray-600 mb-6\">Discover proven strategies to maximize your earnings on bdg05.</p></section></div>",
      "image": "/img7.jpg",
      "date": "2025-01-22",
      "author": "bdg05 Team",
      "readTime": "5 min read"
    },
    {
        "id": 4,
        "title": "Why Choose bdg05?",
        "excerpt": "Discover why bdg05 is the perfect platform for your online gaming adventures.",
        "content": "<div class=\"space-y-8\"><section><p class=\"text-gray-600 mb-6\">Here's why you should choose bdg05 for your online gaming adventures:</p><div class=\"space-y-6\"><div class=\"flex flex-col gap-2\"><h3 class=\"text-xl font-bold text-gray-800\">Wide Range of Games:</h3><p class=\"text-gray-600\">Enjoy entertainment from a variety of games in many categories so that you are never bored.</p></div><div class=\"flex flex-col gap-2\"><h3 class=\"text-xl font-bold text-gray-800\">User-Friendly Interface:</h3><p class=\"text-gray-600\">Go to the site, click on the bdg05 signup, and you will find a user-friendly interface, which is fairly simple, thus providing functionality for each level of expertise.</p></div><div class=\"flex flex-col gap-2\"><h3 class=\"text-xl font-bold text-gray-800\">Safe and Secure:</h3><p class=\"text-gray-600\">Security and data privacy are important, so all your transactions are protected.</p></div><div class=\"flex flex-col gap-2\"><h3 class=\"text-xl font-bold text-gray-800\">Regular Updates:</h3><p class=\"text-gray-600\">bdg05 provides regular updates and new games constantly.</p></div></div></section><section><h2 class=\"text-2xl font-bold text-gray-800 mb-4\">A complete process on how to register and sign up on the bdg05 app:</h2><p class=\"text-gray-600 mb-4\">Getting into the bdg05 gaming community is simple and fast. Follow these simple steps:</p><div class=\"space-y-4 pl-5\"><div class=\"flex flex-col gap-2\"><h3 class=\"text-lg font-bold text-gray-800\">Visit the Website:</h3><p class=\"text-gray-600\">Go to the official website of bdg05.</p></div><div class=\"flex flex-col gap-2\"><h3 class=\"text-lg font-bold text-gray-800\">Click on Register:</h3><p class=\"text-gray-600\">Look for the registration button and click on bdg05 register.</p></div><div class=\"flex flex-col gap-2\"><h3 class=\"text-lg font-bold text-gray-800\">Fill in Details:</h3><p class=\"text-gray-600\">Fill in your details, such as your name, email address, and mobile number.</p></div><div class=\"flex flex-col gap-2\"><h3 class=\"text-lg font-bold text-gray-800\">Create a Username and Password:</h3><p class=\"text-gray-600\">Select a unique username and a strong password.</p></div><div class=\"flex flex-col gap-2\"><h3 class=\"text-lg font-bold text-gray-800\">Complete Registration:</h3><p class=\"text-gray-600\">Enter your data and confirm your email or phone number.</p></div></div></section></div>",
        "image": "/img1.jpg",
        "date": "2025-01-23",
        "author": "bdg05 Team",
        "readTime": "4 min read"
      }
  ]
}

